{
    "_vcs_unit__2319780069": [
        "_vcs_unit__2319780069",
        "xz4MG",
        "module",
        1
    ],
    "std": [
        "std",
        "reYIK",
        "module",
        2
    ],
    "dispatch_0000": [
        "dispatch_0000",
        "nn8ZJ",
        "module",
        3
    ],
    "ps": [
        "ps",
        "b1nZt",
        "module",
        4
    ],
    "ps_rs_0000": [
        "ps_rs_0000",
        "YaAGw",
        "module",
        5
    ],
    "ps2": [
        "ps2",
        "iydFZ",
        "module",
        6
    ],
    "fetch": [
        "fetch",
        "Qk6Wn",
        "module",
        7
    ],
    "arch": [
        "arch",
        "QU74y",
        "module",
        8
    ],
    "prf": [
        "prf",
        "d5SKF",
        "module",
        9
    ],
    "issue": [
        "issue",
        "qgNVL",
        "module",
        10
    ],
    "fu": [
        "fu",
        "hK2Y4",
        "module",
        11
    ],
    "fu_alu": [
        "fu_alu",
        "CI1Kr",
        "module",
        12
    ],
    "mult_0000": [
        "mult_0000",
        "x9m30",
        "module",
        13
    ],
    "complete": [
        "complete",
        "pqtSs",
        "module",
        14
    ],
    "retire": [
        "retire",
        "uVWnQ",
        "module",
        15
    ],
    "freelist_0000": [
        "freelist_0000",
        "cFuU9",
        "module",
        16
    ],
    "maptable": [
        "maptable",
        "RFH1R",
        "module",
        17
    ],
    "testbench": [
        "testbench",
        "iAVhC",
        "module",
        18
    ],
    "...MASTER...": [
        "SIM",
        "amcQw",
        "module",
        19
    ]
}